title,description,location,startDate,photoUrl,postcode,org,NEED TO ADD RANDOM CATEGORY AND EVENT REPEAT TIME
Liar Liar,"Morbi sem mauris, laoreet ut, rhoncus aliquet, pulvinar sed, nisl. Nunc rhoncus dui vel sem. Sed sagittis. Nam congue, risus semper porta volutpat, quam pede lobortis ligula, sit amet eleifend pede libero quis orci.",Plaridel,1/25/2020,http://dummyimage.com/1500x800.bmp/ff4444/ffffff,,ndahlman0@ning.com,
Tales from the Crypt,Duis consequat dui nec nisi volutpat eleifend. Donec ut dolor. Morbi vel lectus in quam fringilla rhoncus.,Horta,3/16/2020,http://dummyimage.com/1500x800.bmp/dddddd/000000,,msherrett1@friendfeed.com,
Kaleidoscope,"Donec diam neque, vestibulum eget, vulputate ut, ultrices vel, augue. Vestibulum ante ipsum primis in faucibus orci luctus et ultrices posuere cubilia Curae; Donec pharetra, magna vestibulum aliquet ultrices, erat tortor sollicitudin mi, sit amet lobortis sapien sapien non mi. Integer ac neque.",Ambatolaona,8/11/2020,http://dummyimage.com/1500x800.bmp/ff4444/ffffff,,ehalm2@prweb.com,
"Patsy, The","Nam ultrices, libero non mattis pulvinar, nulla pede ullamcorper augue, a suscipit nulla elit ac nulla. Sed vel enim sit amet nunc viverra dapibus. Nulla suscipit ligula in lacus. Curabitur at ipsum ac tellus semper interdum.",Byala Slatina,9/10/2020,http://dummyimage.com/1500x800.bmp/dddddd/000000,,rennion3@prlog.org,
Général Idi Amin Dada: A Self Portrait (Général Idi Amin Dada: Autoportrait),"Morbi quis tortor id nulla ultrices aliquet. Maecenas leo odio, condimentum id, luctus nec, molestie sed, justo. Pellentesque viverra pede ac diam.",Feondari,5/22/2020,http://dummyimage.com/1500x800.bmp/5fa2dd/ffffff,,tshurmore4@loc.gov,
Immigrants (L.A. Dolce Vita),Nulla tellus. In sagittis dui vel nisl. Duis ac nibh.,Cikuya,11/4/2019,http://dummyimage.com/1500x800.bmp/cc0000/ffffff,,agyford5@fotki.com,
Stray Dogs (Sag-haye velgard),"Nam ultrices, libero non mattis pulvinar, nulla pede ullamcorper augue, a suscipit nulla elit ac nulla. Sed vel enim sit amet nunc viverra dapibus. Nulla suscipit ligula in lacus. Curabitur at ipsum ac tellus semper interdum.",Calaba,3/3/2020,http://dummyimage.com/1500x800.bmp/5fa2dd/ffffff,,jbauldry6@barnesandnoble.com,
Home,"Donec semper sapien a libero. Nam dui. Proin leo odio, porttitor id, consequat in, consequat ut, nulla. Sed accumsan felis.",Basa,5/8/2020,http://dummyimage.com/1500x800.bmp/5fa2dd/ffffff,,omuzzi7@bing.com,
Embodiment of Evil (Encarnação do Demônio),Nullam sit amet turpis elementum ligula vehicula consequat. Morbi a ipsum. Integer a nibh.,Kaem,9/26/2020,http://dummyimage.com/1500x800.bmp/cc0000/ffffff,,amunden8@homestead.com,
Little Fockers,Integer tincidunt ante vel ipsum. Praesent blandit lacinia erat. Vestibulum sed magna at nunc commodo placerat. Praesent blandit.,Longquan,7/14/2020,http://dummyimage.com/1500x800.bmp/dddddd/000000,,gguare9@reverbnation.com,
Desk Set,Vestibulum ante ipsum primis in faucibus orci luctus et ultrices posuere cubilia Curae; Duis faucibus accumsan odio. Curabitur convallis. Duis consequat dui nec nisi volutpat eleifend.,Sonder,6/22/2020,http://dummyimage.com/1500x800.bmp/ff4444/ffffff,,lgreddena@unicef.org,
X: The Man with the X-Ray Eyes,"Proin leo odio, porttitor id, consequat in, consequat ut, nulla. Sed accumsan felis. Ut at dolor quis odio consequat varius. Integer ac leo.",Maizuru,11/20/2019,http://dummyimage.com/1500x800.bmp/cc0000/ffffff,,cluckenb@symantec.com,
"Sniper, The","Pellentesque eget nunc. Donec quis orci eget orci vehicula condimentum. Curabitur in libero ut massa volutpat convallis. Morbi odio odio, elementum eu, interdum eu, tincidunt in, leo.",Alaghsas,1/20/2020,http://dummyimage.com/1500x800.bmp/5fa2dd/ffffff,,bdahlgrenc@themeforest.net,
Godzilla vs. Mechagodzilla (Gojira tai Mekagojira),"In quis justo. Maecenas rhoncus aliquam lacus. Morbi quis tortor id nulla ultrices aliquet. Maecenas leo odio, condimentum id, luctus nec, molestie sed, justo.",Nowosielce,1/26/2020,http://dummyimage.com/1500x800.bmp/ff4444/ffffff,,ceglingtond@bizjournals.com,
The 'High Sign',"Morbi ut odio. Cras mi pede, malesuada in, imperdiet et, commodo vulputate, justo. In blandit ultrices enim. Lorem ipsum dolor sit amet, consectetuer adipiscing elit.",Satsumasendai,2/11/2020,http://dummyimage.com/1500x800.bmp/ff4444/ffffff,,pdaldane@sphinn.com,
Tuesdays with Morrie,"Nunc nisl. Duis bibendum, felis sed interdum venenatis, turpis enim blandit mi, in porttitor pede justo eu massa. Donec dapibus.",Yaozhanzi,5/25/2020,http://dummyimage.com/1500x800.bmp/5fa2dd/ffffff,,ndahlman0@ning.com,
Aftermath,"Fusce lacus purus, aliquet at, feugiat non, pretium quis, lectus. Suspendisse potenti. In eleifend quam a odio. In hac habitasse platea dictumst.",Danao,2/23/2020,http://dummyimage.com/1500x800.bmp/cc0000/ffffff,,msherrett1@friendfeed.com,
Loose Cannons (Mine vaganti),"In blandit ultrices enim. Lorem ipsum dolor sit amet, consectetuer adipiscing elit. Proin interdum mauris non ligula pellentesque ultrices.",Capacho Nuevo,7/31/2020,http://dummyimage.com/1500x800.bmp/5fa2dd/ffffff,,ehalm2@prweb.com,
Picture Perfect,"Cum sociis natoque penatibus et magnis dis parturient montes, nascetur ridiculus mus. Vivamus vestibulum sagittis sapien. Cum sociis natoque penatibus et magnis dis parturient montes, nascetur ridiculus mus.",Montluçon,5/20/2020,http://dummyimage.com/1500x800.bmp/ff4444/ffffff,,rennion3@prlog.org,
Prairie Fever,"Vestibulum ac est lacinia nisi venenatis tristique. Fusce congue, diam id ornare imperdiet, sapien urna pretium nisl, ut volutpat sapien arcu sed augue. Aliquam erat volutpat. In congue.",Ngembel,4/26/2020,http://dummyimage.com/1500x800.bmp/ff4444/ffffff,,tshurmore4@loc.gov,
"Incruste, L' (a.k.a. L'Incruste, fallait pas le laisser entrer!)","Fusce congue, diam id ornare imperdiet, sapien urna pretium nisl, ut volutpat sapien arcu sed augue. Aliquam erat volutpat. In congue. Etiam justo.",Gilin,5/7/2020,http://dummyimage.com/1500x800.bmp/dddddd/000000,,agyford5@fotki.com,
Map of the Sounds of Tokyo,"Nunc nisl. Duis bibendum, felis sed interdum venenatis, turpis enim blandit mi, in porttitor pede justo eu massa. Donec dapibus. Duis at velit eu est congue elementum.",Qiaochong,8/4/2020,http://dummyimage.com/1500x800.bmp/ff4444/ffffff,,jbauldry6@barnesandnoble.com,
Too Beautiful for You (Trop belle pour toi),"Morbi non lectus. Aliquam sit amet diam in magna bibendum imperdiet. Nullam orci pede, venenatis non, sodales sed, tincidunt eu, felis. Fusce posuere felis sed lacus.",Ilinden,12/27/2019,http://dummyimage.com/1500x800.bmp/5fa2dd/ffffff,,omuzzi7@bing.com,
Wimbledon,"In blandit ultrices enim. Lorem ipsum dolor sit amet, consectetuer adipiscing elit. Proin interdum mauris non ligula pellentesque ultrices. Phasellus id sapien in sapien iaculis congue.",Ōmihachiman,1/10/2020,http://dummyimage.com/1500x800.bmp/cc0000/ffffff,,amunden8@homestead.com,
"View to a Kill, A","Cras mi pede, malesuada in, imperdiet et, commodo vulputate, justo. In blandit ultrices enim. Lorem ipsum dolor sit amet, consectetuer adipiscing elit.",Sviadnov,4/2/2020,http://dummyimage.com/1500x800.bmp/ff4444/ffffff,,gguare9@reverbnation.com,
Crossover,"Quisque porta volutpat erat. Quisque erat eros, viverra eget, congue eget, semper rutrum, nulla. Nunc purus.",Olivia,8/26/2020,http://dummyimage.com/1500x800.bmp/5fa2dd/ffffff,,lgreddena@unicef.org,
Jewtopia,"Sed sagittis. Nam congue, risus semper porta volutpat, quam pede lobortis ligula, sit amet eleifend pede libero quis orci. Nullam molestie nibh in lectus.",Longhu,8/3/2020,http://dummyimage.com/1500x800.bmp/dddddd/000000,,cluckenb@symantec.com,
Step Up 2 the Streets,Suspendisse accumsan tortor quis turpis. Sed ante. Vivamus tortor. Duis mattis egestas metus.,Yushu,10/3/2020,http://dummyimage.com/1500x800.bmp/ff4444/ffffff,,bdahlgrenc@themeforest.net,
"Ilsa, She Wolf of the SS","Mauris enim leo, rhoncus sed, vestibulum sit amet, cursus id, turpis. Integer aliquet, massa id lobortis convallis, tortor risus dapibus augue, vel accumsan tellus nisi eu orci. Mauris lacinia sapien quis libero.",Kurkino,2/25/2020,http://dummyimage.com/1500x800.bmp/ff4444/ffffff,,ceglingtond@bizjournals.com,
"Magic of Méliès, The (magie Méliès, La)","Proin risus. Praesent lectus. Vestibulum quam sapien, varius ut, blandit non, interdum in, ante. Vestibulum ante ipsum primis in faucibus orci luctus et ultrices posuere cubilia Curae; Duis faucibus accumsan odio.",Yichun,5/8/2020,http://dummyimage.com/1500x800.bmp/cc0000/ffffff,,pdaldane@sphinn.com,
Sky Captain and the World of Tomorrow,Sed vel enim sit amet nunc viverra dapibus. Nulla suscipit ligula in lacus. Curabitur at ipsum ac tellus semper interdum.,Baiquesi,9/3/2020,http://dummyimage.com/1500x800.bmp/cc0000/ffffff,,ndahlman0@ning.com,
"Detective, The (C+ jing taam)","Morbi vestibulum, velit id pretium iaculis, diam erat fermentum justo, nec condimentum neque sapien placerat ante. Nulla justo. Aliquam quis turpis eget elit sodales scelerisque. Mauris sit amet eros.",Kawengan,11/16/2019,http://dummyimage.com/1500x800.bmp/ff4444/ffffff,,msherrett1@friendfeed.com,
Choking Man,Vestibulum ante ipsum primis in faucibus orci luctus et ultrices posuere cubilia Curae; Duis faucibus accumsan odio. Curabitur convallis. Duis consequat dui nec nisi volutpat eleifend.,Erdaocha,3/6/2020,http://dummyimage.com/1500x800.bmp/5fa2dd/ffffff,,ehalm2@prweb.com,
Allan Quatermain and the Lost City of Gold,Mauris sit amet eros. Suspendisse accumsan tortor quis turpis. Sed ante.,Gedangan,2/28/2020,http://dummyimage.com/1500x800.bmp/ff4444/ffffff,,rennion3@prlog.org,
Bikini Summer III - South Beach Heat,"Cras mi pede, malesuada in, imperdiet et, commodo vulputate, justo. In blandit ultrices enim. Lorem ipsum dolor sit amet, consectetuer adipiscing elit. Proin interdum mauris non ligula pellentesque ultrices.",Razan,9/9/2020,http://dummyimage.com/1500x800.bmp/cc0000/ffffff,,tshurmore4@loc.gov,
Rapa Nui,"Cras in purus eu magna vulputate luctus. Cum sociis natoque penatibus et magnis dis parturient montes, nascetur ridiculus mus. Vivamus vestibulum sagittis sapien.",Nashville,5/6/2020,http://dummyimage.com/1500x800.bmp/5fa2dd/ffffff,,agyford5@fotki.com,
Cocktail,"Proin interdum mauris non ligula pellentesque ultrices. Phasellus id sapien in sapien iaculis congue. Vivamus metus arcu, adipiscing molestie, hendrerit at, vulputate vitae, nisl.",Puerto Francisco de Orellana,3/9/2020,http://dummyimage.com/1500x800.bmp/5fa2dd/ffffff,,jbauldry6@barnesandnoble.com,
"Dead Outside, The","Proin at turpis a pede posuere nonummy. Integer non velit. Donec diam neque, vestibulum eget, vulputate ut, ultrices vel, augue. Vestibulum ante ipsum primis in faucibus orci luctus et ultrices posuere cubilia Curae; Donec pharetra, magna vestibulum aliquet ultrices, erat tortor sollicitudin mi, sit amet lobortis sapien sapien non mi.",Savonranta,8/31/2020,http://dummyimage.com/1500x800.bmp/dddddd/000000,,omuzzi7@bing.com,
Beck - Familjen,Integer tincidunt ante vel ipsum. Praesent blandit lacinia erat. Vestibulum sed magna at nunc commodo placerat.,Igreja,6/8/2020,http://dummyimage.com/1500x800.bmp/5fa2dd/ffffff,,amunden8@homestead.com,
Wasabi,"Cras mi pede, malesuada in, imperdiet et, commodo vulputate, justo. In blandit ultrices enim. Lorem ipsum dolor sit amet, consectetuer adipiscing elit.",Hà Đông,10/2/2020,http://dummyimage.com/1500x800.bmp/cc0000/ffffff,,gguare9@reverbnation.com,
Green Light,Nunc purus. Phasellus in felis. Donec semper sapien a libero.,Sumberagung,11/22/2019,http://dummyimage.com/1500x800.bmp/dddddd/000000,,lgreddena@unicef.org,
Louise Brooks: Looking for Lulu,"Quisque erat eros, viverra eget, congue eget, semper rutrum, nulla. Nunc purus. Phasellus in felis. Donec semper sapien a libero.",Trá Mhór,9/13/2020,http://dummyimage.com/1500x800.bmp/cc0000/ffffff,,cluckenb@symantec.com,
Mad Bastards,"Nullam orci pede, venenatis non, sodales sed, tincidunt eu, felis. Fusce posuere felis sed lacus. Morbi sem mauris, laoreet ut, rhoncus aliquet, pulvinar sed, nisl.",Braga,6/17/2020,http://dummyimage.com/1500x800.bmp/dddddd/000000,,bdahlgrenc@themeforest.net,
Freddy vs. Jason,"Proin leo odio, porttitor id, consequat in, consequat ut, nulla. Sed accumsan felis. Ut at dolor quis odio consequat varius.",Rydzyna,1/25/2020,http://dummyimage.com/1500x800.bmp/dddddd/000000,,ceglingtond@bizjournals.com,
Cause for Alarm!,Sed vel enim sit amet nunc viverra dapibus. Nulla suscipit ligula in lacus. Curabitur at ipsum ac tellus semper interdum. Mauris ullamcorper purus sit amet nulla.,Yuncheng,5/13/2020,http://dummyimage.com/1500x800.bmp/ff4444/ffffff,,pdaldane@sphinn.com,
"'Human' Factor, The (Human Factor, The)","Donec ut dolor. Morbi vel lectus in quam fringilla rhoncus. Mauris enim leo, rhoncus sed, vestibulum sit amet, cursus id, turpis. Integer aliquet, massa id lobortis convallis, tortor risus dapibus augue, vel accumsan tellus nisi eu orci.",Shangyong,1/4/2020,http://dummyimage.com/1500x800.bmp/dddddd/000000,,ndahlman0@ning.com,
"Page Turner, The (Tourneuse de pages, La)",Maecenas tincidunt lacus at velit. Vivamus vel nulla eget eros elementum pellentesque. Quisque porta volutpat erat.,Zamoskvorech’ye,1/20/2020,http://dummyimage.com/1500x800.bmp/dddddd/000000,,msherrett1@friendfeed.com,
Mystery of the Wax Museum,"Aliquam non mauris. Morbi non lectus. Aliquam sit amet diam in magna bibendum imperdiet. Nullam orci pede, venenatis non, sodales sed, tincidunt eu, felis.",Huanghuatan,11/10/2019,http://dummyimage.com/1500x800.bmp/cc0000/ffffff,,ehalm2@prweb.com,
"Bunch Of Amateurs, A","Fusce consequat. Nulla nisl. Nunc nisl. Duis bibendum, felis sed interdum venenatis, turpis enim blandit mi, in porttitor pede justo eu massa.",San Pedro,4/27/2020,http://dummyimage.com/1500x800.bmp/ff4444/ffffff,,rennion3@prlog.org,
Down to Earth,"Duis ac nibh. Fusce lacus purus, aliquet at, feugiat non, pretium quis, lectus. Suspendisse potenti. In eleifend quam a odio.",Sugihwaras,12/7/2019,http://dummyimage.com/1500x800.bmp/5fa2dd/ffffff,,tshurmore4@loc.gov,
"Keeper, The","Donec odio justo, sollicitudin ut, suscipit a, feugiat et, eros. Vestibulum ac est lacinia nisi venenatis tristique. Fusce congue, diam id ornare imperdiet, sapien urna pretium nisl, ut volutpat sapien arcu sed augue. Aliquam erat volutpat.",Wangda,4/3/2020,http://dummyimage.com/1500x800.bmp/dddddd/000000,,agyford5@fotki.com,
"Children of Glory (Szabadság, szerelem)",Aenean auctor gravida sem. Praesent id massa id nisl venenatis lacinia. Aenean sit amet justo. Morbi ut odio.,Kuroda,8/10/2020,http://dummyimage.com/1500x800.bmp/5fa2dd/ffffff,,jbauldry6@barnesandnoble.com,
Adios Sabata,Nulla facilisi. Cras non velit nec nisi vulputate nonummy. Maecenas tincidunt lacus at velit. Vivamus vel nulla eget eros elementum pellentesque.,Ayapa,8/22/2020,http://dummyimage.com/1500x800.bmp/ff4444/ffffff,,omuzzi7@bing.com,
Strapped,"Morbi ut odio. Cras mi pede, malesuada in, imperdiet et, commodo vulputate, justo. In blandit ultrices enim. Lorem ipsum dolor sit amet, consectetuer adipiscing elit.",Hūn,4/13/2020,http://dummyimage.com/1500x800.bmp/ff4444/ffffff,,amunden8@homestead.com,
"Gorgeous Hussy, The","Vivamus vel nulla eget eros elementum pellentesque. Quisque porta volutpat erat. Quisque erat eros, viverra eget, congue eget, semper rutrum, nulla. Nunc purus.",Lancai,9/9/2020,http://dummyimage.com/1500x800.bmp/cc0000/ffffff,,gguare9@reverbnation.com,
"Invisible Circus, The","Nunc nisl. Duis bibendum, felis sed interdum venenatis, turpis enim blandit mi, in porttitor pede justo eu massa. Donec dapibus. Duis at velit eu est congue elementum.",Shangcunba,8/10/2020,http://dummyimage.com/1500x800.bmp/dddddd/000000,,lgreddena@unicef.org,
Grizzly Man,Vestibulum ante ipsum primis in faucibus orci luctus et ultrices posuere cubilia Curae; Mauris viverra diam vitae quam. Suspendisse potenti. Nullam porttitor lacus at turpis. Donec posuere metus vitae ipsum.,Wanglu Kulon,7/15/2020,http://dummyimage.com/1500x800.bmp/ff4444/ffffff,,cluckenb@symantec.com,
We Can Be Heroes,"Duis ac nibh. Fusce lacus purus, aliquet at, feugiat non, pretium quis, lectus. Suspendisse potenti.",Sucre,12/22/2019,http://dummyimage.com/1500x800.bmp/5fa2dd/ffffff,,bdahlgrenc@themeforest.net,
Pure Country,"Quisque id justo sit amet sapien dignissim vestibulum. Vestibulum ante ipsum primis in faucibus orci luctus et ultrices posuere cubilia Curae; Nulla dapibus dolor vel est. Donec odio justo, sollicitudin ut, suscipit a, feugiat et, eros. Vestibulum ac est lacinia nisi venenatis tristique.",Yantan,4/18/2020,http://dummyimage.com/1500x800.bmp/cc0000/ffffff,,ceglingtond@bizjournals.com,
Sin City: A Dame to Kill For,Curabitur convallis. Duis consequat dui nec nisi volutpat eleifend. Donec ut dolor. Morbi vel lectus in quam fringilla rhoncus.,Qijiazuo,3/13/2020,http://dummyimage.com/1500x800.bmp/ff4444/ffffff,,pdaldane@sphinn.com,
Louis C.K.: Chewed Up,Suspendisse potenti. Nullam porttitor lacus at turpis. Donec posuere metus vitae ipsum. Aliquam non mauris.,Shitang,4/4/2020,http://dummyimage.com/1500x800.bmp/ff4444/ffffff,,ndahlman0@ning.com,
About Alex,Etiam vel augue. Vestibulum rutrum rutrum neque. Aenean auctor gravida sem.,Mnich,8/1/2020,http://dummyimage.com/1500x800.bmp/ff4444/ffffff,,msherrett1@friendfeed.com,
The Violent Professionals,"Fusce lacus purus, aliquet at, feugiat non, pretium quis, lectus. Suspendisse potenti. In eleifend quam a odio.",Santo Amaro,9/7/2020,http://dummyimage.com/1500x800.bmp/cc0000/ffffff,,ehalm2@prweb.com,
Afterburn,"Donec diam neque, vestibulum eget, vulputate ut, ultrices vel, augue. Vestibulum ante ipsum primis in faucibus orci luctus et ultrices posuere cubilia Curae; Donec pharetra, magna vestibulum aliquet ultrices, erat tortor sollicitudin mi, sit amet lobortis sapien sapien non mi. Integer ac neque.",Kolodenka,1/31/2020,http://dummyimage.com/1500x800.bmp/5fa2dd/ffffff,,rennion3@prlog.org,
Armour of God (Long xiong hu di),"In hac habitasse platea dictumst. Aliquam augue quam, sollicitudin vitae, consectetuer eget, rutrum at, lorem. Integer tincidunt ante vel ipsum. Praesent blandit lacinia erat.",Ete,1/14/2020,http://dummyimage.com/1500x800.bmp/dddddd/000000,KT10 0BY,tshurmore4@loc.gov,
Tokyo Story (Tôkyô monogatari),"Quisque porta volutpat erat. Quisque erat eros, viverra eget, congue eget, semper rutrum, nulla. Nunc purus.",Lobitos,7/30/2020,http://dummyimage.com/1500x800.bmp/cc0000/ffffff,KT8 9NX,agyford5@fotki.com,
"Kumiko, the Treasure Hunter","In est risus, auctor sed, tristique in, tempus sit amet, sem. Fusce consequat. Nulla nisl.",Ambatondrazaka,9/16/2020,http://dummyimage.com/1500x800.bmp/cc0000/ffffff,KT10 0RJ,jbauldry6@barnesandnoble.com,
Total Recall,"Mauris enim leo, rhoncus sed, vestibulum sit amet, cursus id, turpis. Integer aliquet, massa id lobortis convallis, tortor risus dapibus augue, vel accumsan tellus nisi eu orci. Mauris lacinia sapien quis libero. Nullam sit amet turpis elementum ligula vehicula consequat.",Qal‘ah-ye Fārsī,11/17/2019,http://dummyimage.com/1500x800.bmp/dddddd/000000,KT10 0SA,omuzzi7@bing.com,
Moonlighting,"Maecenas leo odio, condimentum id, luctus nec, molestie sed, justo. Pellentesque viverra pede ac diam. Cras pellentesque volutpat dui.",Sungai,2/21/2020,http://dummyimage.com/1500x800.bmp/5fa2dd/ffffff,KT17 1BD,amunden8@homestead.com,
Mifune's Last Song (Mifunes sidste sang),Nullam varius. Nulla facilisi. Cras non velit nec nisi vulputate nonummy.,Puncaktugu,4/23/2020,http://dummyimage.com/1500x800.bmp/cc0000/ffffff,KT171DP,gguare9@reverbnation.com,
Aragami,Nulla justo. Aliquam quis turpis eget elit sodales scelerisque. Mauris sit amet eros. Suspendisse accumsan tortor quis turpis.,La Francia,12/6/2019,http://dummyimage.com/1500x800.bmp/5fa2dd/ffffff,KT17 1QE,lgreddena@unicef.org,
Asylum,"Vestibulum ante ipsum primis in faucibus orci luctus et ultrices posuere cubilia Curae; Nulla dapibus dolor vel est. Donec odio justo, sollicitudin ut, suscipit a, feugiat et, eros. Vestibulum ac est lacinia nisi venenatis tristique. Fusce congue, diam id ornare imperdiet, sapien urna pretium nisl, ut volutpat sapien arcu sed augue.",Kapiri Mposhi,1/19/2020,http://dummyimage.com/1500x800.bmp/dddddd/000000,KT17 1BZ,cluckenb@symantec.com,
Death by China ,Vestibulum ante ipsum primis in faucibus orci luctus et ultrices posuere cubilia Curae; Mauris viverra diam vitae quam. Suspendisse potenti. Nullam porttitor lacus at turpis.,Beishidian,2/1/2020,http://dummyimage.com/1500x800.bmp/5fa2dd/ffffff,KT171AQ,bdahlgrenc@themeforest.net,
Schwestern,"Maecenas leo odio, condimentum id, luctus nec, molestie sed, justo. Pellentesque viverra pede ac diam. Cras pellentesque volutpat dui.",Kalabahi,11/20/2019,http://dummyimage.com/1500x800.bmp/dddddd/000000,GU11DX,ceglingtond@bizjournals.com,
Small Time,Vestibulum rutrum rutrum neque. Aenean auctor gravida sem. Praesent id massa id nisl venenatis lacinia.,Puerto Nariño,7/19/2020,http://dummyimage.com/1500x800.bmp/ff4444/ffffff,GU11EP,pdaldane@sphinn.com,
Zero de conduite (Zero for Conduct) (Zéro de conduite: Jeunes diables au collège),"Nunc nisl. Duis bibendum, felis sed interdum venenatis, turpis enim blandit mi, in porttitor pede justo eu massa. Donec dapibus. Duis at velit eu est congue elementum.",Banatski Dvor,10/9/2020,http://dummyimage.com/1500x800.bmp/5fa2dd/ffffff,GU1 1EX,ndahlman0@ning.com,
Mrs. Henderson Presents,"Mauris ullamcorper purus sit amet nulla. Quisque arcu libero, rutrum ac, lobortis vel, dapibus at, diam. Nam tristique tortor eu pede.",Candelaria,4/4/2020,http://dummyimage.com/1500x800.bmp/dddddd/000000,GU1 1HD,msherrett1@friendfeed.com,
High Sierra,Aliquam erat volutpat. In congue. Etiam justo. Etiam pretium iaculis justo.,Savonlinna,11/24/2019,http://dummyimage.com/1500x800.bmp/dddddd/000000,GU1 1GR,ehalm2@prweb.com,
Dealer,Etiam faucibus cursus urna. Ut tellus. Nulla ut erat id mauris vulputate elementum.,Itabaiana,2/22/2020,http://dummyimage.com/1500x800.bmp/5fa2dd/ffffff,KT18 6AD,rennion3@prlog.org,
"Big Store, The","Cras mi pede, malesuada in, imperdiet et, commodo vulputate, justo. In blandit ultrices enim. Lorem ipsum dolor sit amet, consectetuer adipiscing elit.",Khomutovo,9/2/2020,http://dummyimage.com/1500x800.bmp/ff4444/ffffff,KT18 6AG,tshurmore4@loc.gov,
"Bachelor and the Bobby-Soxer, The","Duis mattis egestas metus. Aenean fermentum. Donec ut mauris eget massa tempor convallis. Nulla neque libero, convallis eget, eleifend luctus, ultricies eu, nibh.",Syriam,3/9/2020,http://dummyimage.com/1500x800.bmp/5fa2dd/ffffff,KT18 6BH,agyford5@fotki.com,
"Dirties, The","Vestibulum sed magna at nunc commodo placerat. Praesent blandit. Nam nulla. Integer pede justo, lacinia eget, tincidunt eget, tempus vel, pede.",Independencia,9/6/2020,http://dummyimage.com/1500x800.bmp/5fa2dd/ffffff,RH2 0AU,jbauldry6@barnesandnoble.com,
Chilly Scenes of Winter (Head Over Heels),"In sagittis dui vel nisl. Duis ac nibh. Fusce lacus purus, aliquet at, feugiat non, pretium quis, lectus.",Zaoshi,2/4/2020,http://dummyimage.com/1500x800.bmp/ff4444/ffffff,RH2 0BL,omuzzi7@bing.com,
"Tomorrow, the World!",Integer a nibh. In quis justo. Maecenas rhoncus aliquam lacus.,Carrasqueira,4/11/2020,http://dummyimage.com/1500x800.bmp/ff4444/ffffff,RH2 0DH,amunden8@homestead.com,
Black Butterflies,"Vivamus in felis eu sapien cursus vestibulum. Proin eu mi. Nulla ac enim. In tempor, turpis nec euismod scelerisque, quam turpis adipiscing lorem, vitae mattis nibh ligula nec sem.",Xijiadian,10/7/2020,http://dummyimage.com/1500x800.bmp/5fa2dd/ffffff,RH2 0DE,gguare9@reverbnation.com,
Doctor at Sea,"Proin at turpis a pede posuere nonummy. Integer non velit. Donec diam neque, vestibulum eget, vulputate ut, ultrices vel, augue. Vestibulum ante ipsum primis in faucibus orci luctus et ultrices posuere cubilia Curae; Donec pharetra, magna vestibulum aliquet ultrices, erat tortor sollicitudin mi, sit amet lobortis sapien sapien non mi.",Chengxiang,4/26/2020,http://dummyimage.com/1500x800.bmp/5fa2dd/ffffff,GU25 4AA,lgreddena@unicef.org,
"Terminal Man, The","Suspendisse ornare consequat lectus. In est risus, auctor sed, tristique in, tempus sit amet, sem. Fusce consequat.",Hayes,5/20/2020,http://dummyimage.com/1500x800.bmp/5fa2dd/ffffff,GU25 4AB,cluckenb@symantec.com,
Cheri,Aenean lectus. Pellentesque eget nunc. Donec quis orci eget orci vehicula condimentum.,Myhove,3/7/2020,http://dummyimage.com/1500x800.bmp/cc0000/ffffff,GU25 4AD,bdahlgrenc@themeforest.net,
My Friend Irma Goes West,Integer ac neque. Duis bibendum. Morbi non quam nec dui luctus rutrum.,Mayong,12/6/2019,http://dummyimage.com/1500x800.bmp/cc0000/ffffff,TW15 1AN,ceglingtond@bizjournals.com,
Wicked City (Yôjû toshi),Sed vel enim sit amet nunc viverra dapibus. Nulla suscipit ligula in lacus. Curabitur at ipsum ac tellus semper interdum. Mauris ullamcorper purus sit amet nulla.,Datar,11/20/2019,http://dummyimage.com/1500x800.bmp/ff4444/ffffff,TW15 1AP,pdaldane@sphinn.com,
"Super Cops, The",Mauris sit amet eros. Suspendisse accumsan tortor quis turpis. Sed ante.,Itapuí,3/22/2020,http://dummyimage.com/1500x800.bmp/dddddd/000000,TW15 1AQ,ndahlman0@ning.com,
Chicago,Nullam sit amet turpis elementum ligula vehicula consequat. Morbi a ipsum. Integer a nibh. In quis justo.,Yangsi,1/30/2020,http://dummyimage.com/1500x800.bmp/dddddd/000000,GU12 5RL,msherrett1@friendfeed.com,
The Seven Males,"Cras mi pede, malesuada in, imperdiet et, commodo vulputate, justo. In blandit ultrices enim. Lorem ipsum dolor sit amet, consectetuer adipiscing elit. Proin interdum mauris non ligula pellentesque ultrices.",Berkovitsa,4/28/2020,http://dummyimage.com/1500x800.bmp/5fa2dd/ffffff,GU15 1AB,ehalm2@prweb.com,
"Jour se lève, Le (Daybreak)","Aliquam non mauris. Morbi non lectus. Aliquam sit amet diam in magna bibendum imperdiet. Nullam orci pede, venenatis non, sodales sed, tincidunt eu, felis.",Dunhao,2/5/2020,http://dummyimage.com/1500x800.bmp/ff4444/ffffff,RH89NJ,rennion3@prlog.org,
"One Percent, The","Maecenas rhoncus aliquam lacus. Morbi quis tortor id nulla ultrices aliquet. Maecenas leo odio, condimentum id, luctus nec, molestie sed, justo. Pellentesque viverra pede ac diam.",Bayanbulag,11/22/2019,http://dummyimage.com/1500x800.bmp/5fa2dd/ffffff,RH89NP,tshurmore4@loc.gov,
Pirates of the Caribbean: The Curse of the Black Pearl,"Donec quis orci eget orci vehicula condimentum. Curabitur in libero ut massa volutpat convallis. Morbi odio odio, elementum eu, interdum eu, tincidunt in, leo.",Nkpor,5/17/2020,http://dummyimage.com/1500x800.bmp/cc0000/ffffff,RH8 9NY,agyford5@fotki.com,
Eden of the East the Movie II: Paradise Lost (Higashi no Eden Gekijôban II: Paradise Lost),Suspendisse potenti. In eleifend quam a odio. In hac habitasse platea dictumst.,Kórnik,12/23/2019,http://dummyimage.com/1500x800.bmp/ff4444/ffffff,GU7 1AB,jbauldry6@barnesandnoble.com,
Victim,"Phasellus id sapien in sapien iaculis congue. Vivamus metus arcu, adipiscing molestie, hendrerit at, vulputate vitae, nisl. Aenean lectus. Pellentesque eget nunc.",Kebonagung,2/1/2020,http://dummyimage.com/1500x800.bmp/dddddd/000000,GU7 1AD,omuzzi7@bing.com,
Mother India,"Quisque porta volutpat erat. Quisque erat eros, viverra eget, congue eget, semper rutrum, nulla. Nunc purus.",Coulommiers,8/23/2020,http://dummyimage.com/1500x800.bmp/ff4444/ffffff,GU7 1AE,amunden8@homestead.com,
Water Drops on Burning Rocks,Nullam varius. Nulla facilisi. Cras non velit nec nisi vulputate nonummy.,Hongyuan,7/6/2020,http://dummyimage.com/1500x800.bmp/dddddd/000000,GU18 5WU,gguare9@reverbnation.com,
Eden,Nulla tellus. In sagittis dui vel nisl. Duis ac nibh.,Uddiawan,1/24/2020,http://dummyimage.com/1500x800.bmp/5fa2dd/ffffff,GU195WJ,lgreddena@unicef.org,
"Burglars, The (Le casse)",Etiam vel augue. Vestibulum rutrum rutrum neque. Aenean auctor gravida sem.,Xiatuanpu,1/14/2020,http://dummyimage.com/1500x800.bmp/5fa2dd/ffffff,GU213AR,cluckenb@symantec.com,
"Virgin Spring, The (Jungfrukällan)",Praesent blandit lacinia erat. Vestibulum sed magna at nunc commodo placerat. Praesent blandit.,Babao,8/31/2020,http://dummyimage.com/1500x800.bmp/cc0000/ffffff,GU213BH,bdahlgrenc@themeforest.net,
Money as Debt,In eleifend quam a odio. In hac habitasse platea dictumst. Maecenas ut massa quis augue luctus tincidunt.,Punta Gorda,7/28/2020,http://dummyimage.com/1500x800.bmp/dddddd/000000,RH8 9NY,ceglingtond@bizjournals.com,
For a Lost Soldier (Voor een Verloren Soldaat),Aliquam non mauris. Morbi non lectus. Aliquam sit amet diam in magna bibendum imperdiet.,Tío Pujio,1/14/2020,http://dummyimage.com/1500x800.bmp/ff4444/ffffff,GU7 1AB,pdaldane@sphinn.com,
Godzilla vs. Destroyah (Gojira vs. Desutoroiâ) ,"Duis mattis egestas metus. Aenean fermentum. Donec ut mauris eget massa tempor convallis. Nulla neque libero, convallis eget, eleifend luctus, ultricies eu, nibh.",Guayabal,11/16/2019,http://dummyimage.com/1500x800.bmp/ff4444/ffffff,GU7 1AD,ndahlman0@ning.com,
White Elephant,"Proin eu mi. Nulla ac enim. In tempor, turpis nec euismod scelerisque, quam turpis adipiscing lorem, vitae mattis nibh ligula nec sem. Duis aliquam convallis nunc.",Trąbki Wielkie,8/7/2020,http://dummyimage.com/1500x800.bmp/5fa2dd/ffffff,GU7 1AE,msherrett1@friendfeed.com,
"Cremator, The (Spalovac mrtvol)","Curabitur in libero ut massa volutpat convallis. Morbi odio odio, elementum eu, interdum eu, tincidunt in, leo. Maecenas pulvinar lobortis est.",Beishan,7/13/2020,http://dummyimage.com/1500x800.bmp/cc0000/ffffff,GU18 5WU,ehalm2@prweb.com,
This is Martin Bonner,Vestibulum sed magna at nunc commodo placerat. Praesent blandit. Nam nulla.,Cocobeach,6/1/2020,http://dummyimage.com/1500x800.bmp/5fa2dd/ffffff,GU195WJ,rennion3@prlog.org,
Charlie Chan's Murder Cruise,Curabitur convallis. Duis consequat dui nec nisi volutpat eleifend. Donec ut dolor. Morbi vel lectus in quam fringilla rhoncus.,Xam Nua,10/9/2020,http://dummyimage.com/1500x800.bmp/cc0000/ffffff,GU213AR,tshurmore4@loc.gov,
King Kong Lives,"Lorem ipsum dolor sit amet, consectetuer adipiscing elit. Proin risus. Praesent lectus.",Dobre Miasto,5/22/2020,http://dummyimage.com/1500x800.bmp/ff4444/ffffff,GU213BH,agyford5@fotki.com,
Nice Guy Johnny,"Sed sagittis. Nam congue, risus semper porta volutpat, quam pede lobortis ligula, sit amet eleifend pede libero quis orci. Nullam molestie nibh in lectus.",Vairão,4/28/2020,http://dummyimage.com/1500x800.bmp/5fa2dd/ffffff,KT10 0AA,jbauldry6@barnesandnoble.com,
Fierce Light: When Spirit Meets Action,Suspendisse accumsan tortor quis turpis. Sed ante. Vivamus tortor.,Uberaba,10/5/2020,http://dummyimage.com/1500x800.bmp/ff4444/ffffff,FT19 8FJ,omuzzi7@bing.com,
This Is the End,"Cum sociis natoque penatibus et magnis dis parturient montes, nascetur ridiculus mus. Etiam vel augue. Vestibulum rutrum rutrum neque. Aenean auctor gravida sem.",Anaráchi,3/5/2020,http://dummyimage.com/1500x800.bmp/5fa2dd/ffffff,GU11AF,amunden8@homestead.com,
200 Motels,"Aenean fermentum. Donec ut mauris eget massa tempor convallis. Nulla neque libero, convallis eget, eleifend luctus, ultricies eu, nibh.",Cañuelas,8/29/2020,http://dummyimage.com/1500x800.bmp/dddddd/000000,KT11 3YQ,gguare9@reverbnation.com,
Ghost Rider: Spirit of Vengeance,Duis aliquam convallis nunc. Proin at turpis a pede posuere nonummy. Integer non velit.,Unquillo,5/21/2020,http://dummyimage.com/1500x800.bmp/cc0000/ffffff,RH1 6AX,lgreddena@unicef.org,
California,Integer ac leo. Pellentesque ultrices mattis odio. Donec vitae nisi.,Irricana,7/14/2020,http://dummyimage.com/1500x800.bmp/cc0000/ffffff,GU24 8EX,cluckenb@symantec.com,
Red 2,Integer ac neque. Duis bibendum. Morbi non quam nec dui luctus rutrum. Nulla tellus.,Minami-rinkan,1/26/2020,http://dummyimage.com/1500x800.bmp/cc0000/ffffff,TW15 1AL,bdahlgrenc@themeforest.net,
Vlad Tepes (Vlad &#354;epe&#351;),Maecenas ut massa quis augue luctus tincidunt. Nulla mollis molestie lorem. Quisque ut erat.,Tange Zhen,7/18/2020,http://dummyimage.com/1500x800.bmp/dddddd/000000,GU12 5RH,ceglingtond@bizjournals.com,
Born to Race,"Nam dui. Proin leo odio, porttitor id, consequat in, consequat ut, nulla. Sed accumsan felis.",Banga,9/25/2020,http://dummyimage.com/1500x800.bmp/dddddd/000000,RH89NJ,pdaldane@sphinn.com,
Apt Pupil,"Aliquam augue quam, sollicitudin vitae, consectetuer eget, rutrum at, lorem. Integer tincidunt ante vel ipsum. Praesent blandit lacinia erat. Vestibulum sed magna at nunc commodo placerat.",Manning,1/29/2020,http://dummyimage.com/1500x800.bmp/ff4444/ffffff,GU7 1AA,ndahlman0@ning.com,
Teknolust,"Quisque erat eros, viverra eget, congue eget, semper rutrum, nulla. Nunc purus. Phasellus in felis. Donec semper sapien a libero.",Wleń,1/13/2020,http://dummyimage.com/1500x800.bmp/ff4444/ffffff,GU18 5HU,msherrett1@friendfeed.com,
Wake of the Red Witch,"Quisque erat eros, viverra eget, congue eget, semper rutrum, nulla. Nunc purus. Phasellus in felis.",Pizhma,3/21/2020,http://dummyimage.com/1500x800.bmp/cc0000/ffffff,KT10 0BY,ehalm2@prweb.com,
Dolls and Angels,"Maecenas tincidunt lacus at velit. Vivamus vel nulla eget eros elementum pellentesque. Quisque porta volutpat erat. Quisque erat eros, viverra eget, congue eget, semper rutrum, nulla.",Shuinanxu,9/17/2020,http://dummyimage.com/1500x800.bmp/dddddd/000000,KT8 9NX,rennion3@prlog.org,
Intermezzo,"Vestibulum sed magna at nunc commodo placerat. Praesent blandit. Nam nulla. Integer pede justo, lacinia eget, tincidunt eget, tempus vel, pede.",Itaí,4/4/2020,http://dummyimage.com/1500x800.bmp/ff4444/ffffff,KT10 0RJ,tshurmore4@loc.gov,
Queen Kelly,Vestibulum ante ipsum primis in faucibus orci luctus et ultrices posuere cubilia Curae; Mauris viverra diam vitae quam. Suspendisse potenti. Nullam porttitor lacus at turpis.,Villazón,12/18/2019,http://dummyimage.com/1500x800.bmp/ff4444/ffffff,KT10 0SA,agyford5@fotki.com,NEED TO ADD RANDOM CATEGORY AND EVENT REPEAT TIME
Conception,Nulla justo. Aliquam quis turpis eget elit sodales scelerisque. Mauris sit amet eros. Suspendisse accumsan tortor quis turpis.,La Charité-sur-Loire,1/13/2020,http://dummyimage.com/1500x800.bmp/ff4444/ffffff,KT17 1BD,jbauldry6@barnesandnoble.com,
A Master Builder,"Quisque porta volutpat erat. Quisque erat eros, viverra eget, congue eget, semper rutrum, nulla. Nunc purus.",São João dos Inhamuns,2/10/2020,http://dummyimage.com/1500x800.bmp/cc0000/ffffff,KT171DP,omuzzi7@bing.com,
"Navigator: A Mediaeval Odyssey, The","Lorem ipsum dolor sit amet, consectetuer adipiscing elit. Proin risus. Praesent lectus. Vestibulum quam sapien, varius ut, blandit non, interdum in, ante.",Meishan,12/21/2019,http://dummyimage.com/1500x800.bmp/ff4444/ffffff,KT17 1QE,amunden8@homestead.com,
"Star Is Born, A",Nulla facilisi. Cras non velit nec nisi vulputate nonummy. Maecenas tincidunt lacus at velit.,Tayabamba,5/5/2020,http://dummyimage.com/1500x800.bmp/ff4444/ffffff,KT17 1BZ,gguare9@reverbnation.com,
Cinderella II: Dreams Come True,"In hac habitasse platea dictumst. Aliquam augue quam, sollicitudin vitae, consectetuer eget, rutrum at, lorem. Integer tincidunt ante vel ipsum. Praesent blandit lacinia erat.",Bantal,8/22/2020,http://dummyimage.com/1500x800.bmp/ff4444/ffffff,KT171AQ,lgreddena@unicef.org,
Cobra,"Fusce congue, diam id ornare imperdiet, sapien urna pretium nisl, ut volutpat sapien arcu sed augue. Aliquam erat volutpat. In congue.",Kyenjojo,5/6/2020,http://dummyimage.com/1500x800.bmp/dddddd/000000,KT10 0AA,cluckenb@symantec.com,
"400 Blows, The (Les quatre cents coups)","Nam ultrices, libero non mattis pulvinar, nulla pede ullamcorper augue, a suscipit nulla elit ac nulla. Sed vel enim sit amet nunc viverra dapibus. Nulla suscipit ligula in lacus. Curabitur at ipsum ac tellus semper interdum.",Onitsha,3/2/2020,http://dummyimage.com/1500x800.bmp/ff4444/ffffff,FT19 8FJ,bdahlgrenc@themeforest.net,
Everything,Nullam sit amet turpis elementum ligula vehicula consequat. Morbi a ipsum. Integer a nibh.,Bendo,12/6/2019,http://dummyimage.com/1500x800.bmp/dddddd/000000,GU11AF,ceglingtond@bizjournals.com,
Film Geek,"Vestibulum quam sapien, varius ut, blandit non, interdum in, ante. Vestibulum ante ipsum primis in faucibus orci luctus et ultrices posuere cubilia Curae; Duis faucibus accumsan odio. Curabitur convallis.",Brzeźnica,6/21/2020,http://dummyimage.com/1500x800.bmp/cc0000/ffffff,KT11 3YQ,pdaldane@sphinn.com,
"Signos del zodiaco, Los","Duis aliquam convallis nunc. Proin at turpis a pede posuere nonummy. Integer non velit. Donec diam neque, vestibulum eget, vulputate ut, ultrices vel, augue.",Ndano,9/26/2020,http://dummyimage.com/1500x800.bmp/5fa2dd/ffffff,RH1 6AX,ndahlman0@ning.com,
The Hellions,"Lorem ipsum dolor sit amet, consectetuer adipiscing elit. Proin interdum mauris non ligula pellentesque ultrices. Phasellus id sapien in sapien iaculis congue. Vivamus metus arcu, adipiscing molestie, hendrerit at, vulputate vitae, nisl.",Yermish’,5/22/2020,http://dummyimage.com/1500x800.bmp/ff4444/ffffff,GU24 8EX,msherrett1@friendfeed.com,
Wild America,"Morbi porttitor lorem id ligula. Suspendisse ornare consequat lectus. In est risus, auctor sed, tristique in, tempus sit amet, sem. Fusce consequat.",Kariaí,8/26/2020,http://dummyimage.com/1500x800.bmp/dddddd/000000,TW15 1AL,ehalm2@prweb.com,
Evil Toons,"Nam dui. Proin leo odio, porttitor id, consequat in, consequat ut, nulla. Sed accumsan felis.",Waru Selatan,7/12/2020,http://dummyimage.com/1500x800.bmp/dddddd/000000,GU12 5RH,rennion3@prlog.org,
Visions of Light: The Art of Cinematography,"Vestibulum ante ipsum primis in faucibus orci luctus et ultrices posuere cubilia Curae; Nulla dapibus dolor vel est. Donec odio justo, sollicitudin ut, suscipit a, feugiat et, eros. Vestibulum ac est lacinia nisi venenatis tristique. Fusce congue, diam id ornare imperdiet, sapien urna pretium nisl, ut volutpat sapien arcu sed augue.",Jiaowei,5/27/2020,http://dummyimage.com/1500x800.bmp/ff4444/ffffff,RH89NJ,tshurmore4@loc.gov,
Batman & Robin,"Pellentesque ultrices mattis odio. Donec vitae nisi. Nam ultrices, libero non mattis pulvinar, nulla pede ullamcorper augue, a suscipit nulla elit ac nulla.",Verkhniy Mamon,12/26/2019,http://dummyimage.com/1500x800.bmp/cc0000/ffffff,GU7 1AA,agyford5@fotki.com,
"Terror's Advocate (Avocat de la terreur, L')",Vivamus tortor. Duis mattis egestas metus. Aenean fermentum. Donec ut mauris eget massa tempor convallis.,Ülken,2/12/2020,http://dummyimage.com/1500x800.bmp/dddddd/000000,GU18 5HU,jbauldry6@barnesandnoble.com,
"Ghost and the Darkness, The",Praesent blandit lacinia erat. Vestibulum sed magna at nunc commodo placerat. Praesent blandit. Nam nulla.,Krasnyye Barrikady,11/30/2019,http://dummyimage.com/1500x800.bmp/cc0000/ffffff,KT10 0BY,omuzzi7@bing.com,
"Day's Pleasure, A (Ford Story, A)","Lorem ipsum dolor sit amet, consectetuer adipiscing elit. Proin interdum mauris non ligula pellentesque ultrices. Phasellus id sapien in sapien iaculis congue.",Sulūk,5/9/2020,http://dummyimage.com/1500x800.bmp/5fa2dd/ffffff,KT8 9NX,amunden8@homestead.com,
Frankenhooker,Suspendisse potenti. In eleifend quam a odio. In hac habitasse platea dictumst. Maecenas ut massa quis augue luctus tincidunt.,El Cafetal,8/24/2020,http://dummyimage.com/1500x800.bmp/dddddd/000000,KT10 0RJ,gguare9@reverbnation.com,
Loose Cannons,"Morbi non lectus. Aliquam sit amet diam in magna bibendum imperdiet. Nullam orci pede, venenatis non, sodales sed, tincidunt eu, felis. Fusce posuere felis sed lacus.",Wassa-Akropong,11/23/2019,http://dummyimage.com/1500x800.bmp/cc0000/ffffff,KT10 0SA,lgreddena@unicef.org,
"Sense of History, A","Quisque ut erat. Curabitur gravida nisi at nibh. In hac habitasse platea dictumst. Aliquam augue quam, sollicitudin vitae, consectetuer eget, rutrum at, lorem.",Colón,6/25/2020,http://dummyimage.com/1500x800.bmp/cc0000/ffffff,KT17 1BD,cluckenb@symantec.com,
Vampire Hunter D,Nulla justo. Aliquam quis turpis eget elit sodales scelerisque. Mauris sit amet eros.,Linao,4/25/2020,http://dummyimage.com/1500x800.bmp/cc0000/ffffff,KT171DP,bdahlgrenc@themeforest.net,
Stranded: I've Come from a Plane That Crashed on the Mountains,"Praesent id massa id nisl venenatis lacinia. Aenean sit amet justo. Morbi ut odio. Cras mi pede, malesuada in, imperdiet et, commodo vulputate, justo.",Krasnaya Gorka,12/25/2019,http://dummyimage.com/1500x800.bmp/dddddd/000000,KT17 1QE,ceglingtond@bizjournals.com,
Eraserhead,"Vivamus vel nulla eget eros elementum pellentesque. Quisque porta volutpat erat. Quisque erat eros, viverra eget, congue eget, semper rutrum, nulla. Nunc purus.",Sambuluan,7/31/2020,http://dummyimage.com/1500x800.bmp/cc0000/ffffff,KT17 1BZ,pdaldane@sphinn.com,
